{
  "AFG": {
    "co2": 10.825998306274414
  },
  "ALB": {
    "co2": 4.444447994232178
  },
  "DZA": {
    "co2": 198.20318603515625
  },
  "AND": {
    "co2": 0.4246630072593689
  },
  "AGO": {
    "co2": 22.33358383178711
  },
  "AIA": {
    "co2": 0.14808499813079834
  },
  "ATA": {
    "co2": 0
  },
  "ATG": {
    "co2": 0.6651399731636047
  },
  "ARG": {
    "co2": 171.05926513671875
  },
  "ARM": {
    "co2": 7.430715084075928
  },
  "ABW": {
    "co2": 0.9206439852714539
  },
  "AUS": {
    "co2": 386.7323913574219
  },
  "AUT": {
    "co2": 56.36765670776367
  },
  "AZE": {
    "co2": 39.83013916015625
  },
  "BHS": {
    "co2": 3.069679021835327
  },
  "BHR": {
    "co2": 39.003456115722656
  },
  "BGD": {
    "co2": 108.31787872314453
  },
  "BRB": {
    "co2": 1.365170955657959
  },
  "BLR": {
    "co2": 55.818416595458984
  },
  "BEL": {
    "co2": 85.4561996459961
  },
  "BLZ": {
    "co2": 0.7960270047187805
  },
  "BEN": {
    "co2": 6.066339015960693
  },
  "BMU": {
    "co2": 0.5500010251998901
  },
  "BTN": {
    "co2": 1.6574159860610962
  },
  "BOL": {
    "co2": 28.708663940429688
  },
  "BES": {
    "co2": 0.15188199281692505
  },
  "BIH": {
    "co2": 19.425931930541992
  },
  "BWA": {
    "co2": 7.461598873138428
  },
  "BRA": {
    "co2": 483.01153564453125
  },
  "VGB": {
    "co2": 0.19250699877738953
  },
  "BRN": {
    "co2": 12.052462577819824
  },
  "BGR": {
    "co2": 31.621824264526367
  },
  "BFA": {
    "co2": 6.507662773132324
  },
  "BDI": {
    "co2": 0.9166640043258667
  },
  "KHM": {
    "co2": 21.8826904296875
  },
  "CMR": {
    "co2": 9.631583213806152
  },
  "CAN": {
    "co2": 533.340087890625
  },
  "CPV": {
    "co2": 0.5937860012054443
  },
  "CAF": {
    "co2": 0.39468100666999817
  },
  "TCD": {
    "co2": 2.8314011096954346
  },
  "CHL": {
    "co2": 78.72554016113281
  },
  "CHN": {
    "co2": 12289.037109375
  },
  "CXR": {
    "co2": 0
  },
  "COL": {
    "co2": 92.65938568115234
  },
  "COM": {
    "co2": 0.5516499876976013
  },
  "COG": {
    "co2": 8.839770317077637
  },
  "COK": {
    "co2": 0.08008299767971039
  },
  "CRI": {
    "co2": 8.760451316833496
  },
  "CIV": {
    "co2": 14.828584671020508
  },
  "HRV": {
    "co2": 18.4648494720459
  },
  "CUB": {
    "co2": 24.44023323059082
  },
  "CUW": {
    "co2": 2.289628028869629
  },
  "CYP": {
    "co2": 7.299327850341797
  },
  "CZE": {
    "co2": 75.62300109863281
  },
  "COD": {
    "co2": 5.9044508934021
  },
  "DNK": {
    "co2": 28.36916160583496
  },
  "DJI": {
    "co2": 0.564083993434906
  },
  "DMA": {
    "co2": 0.1708579957485199
  },
  "DOM": {
    "co2": 33.13081741333008
  },
  "TLS": {
    "co2": 0.6681119799613953
  },
  "ECU": {
    "co2": 45.979549407958984
  },
  "EGY": {
    "co2": 258.36785888671875
  },
  "SLV": {
    "co2": 8.972290992736816
  },
  "GNQ": {
    "co2": 7.01035213470459
  },
  "ERI": {
    "co2": 0.7426469922065735
  },
  "EST": {
    "co2": 8.306777000427246
  },
  "SWZ": {
    "co2": 1.0446439981460571
  },
  "ETH": {
    "co2": 17.837291717529297
  },
  "FRO": {
    "co2": 0.7253879904747009
  },
  "FJI": {
    "co2": 1.445315957069397
  },
  "FIN": {
    "co2": 29.774999618530273
  },
  "FRA": {
    "co2": 264.1556091308594
  },
  "PYF": {
    "co2": 0.9228670001029968
  },
  "GAB": {
    "co2": 5.398794174194336
  },
  "GMB": {
    "co2": 0.8027740120887756
  },
  "GEO": {
    "co2": 11.784257888793945
  },
  "DEU": {
    "co2": 572.3191528320312
  },
  "GHA": {
    "co2": 21.021873474121094
  },
  "GRC": {
    "co2": 53.36083984375
  },
  "GRL": {
    "co2": 0.6189630031585693
  },
  "GRD": {
    "co2": 0.3769710063934326
  },
  "GTM": {
    "co2": 19.880430221557617
  },
  "GIN": {
    "co2": 4.026185035705566
  },
  "GNB": {
    "co2": 0.3421890139579773
  },
  "GUY": {
    "co2": 4.5103302001953125
  },
  "HTI": {
    "co2": 2.9706931114196777
  },
  "HND": {
    "co2": 12.854842185974121
  },
  "HKG": {
    "co2": 33.323917388916016
  },
  "HUN": {
    "co2": 40.01729202270508
  },
  "ISL": {
    "co2": 3.803010940551758
  },
  "IND": {
    "co2": 3193.47802734375
  },
  "IDN": {
    "co2": 812.22021484375
  },
  "IRN": {
    "co2": 792.6311645507812
  },
  "IRQ": {
    "co2": 233.635498046875
  },
  "IRL": {
    "co2": 33.31062316894531
  },
  "ISR": {
    "co2": 52.63713455200195
  },
  "ITA": {
    "co2": 301.92974853515625
  },
  "JAM": {
    "co2": 8.401762962341309
  },
  "JPN": {
    "co2": 961.8673095703125
  },
  "JOR": {
    "co2": 23.21913719177246
  },
  "KAZ": {
    "co2": 287.0059509277344
  },
  "KEN": {
    "co2": 21.225433349609375
  },
  "KIR": {
    "co2": 0.0724560022354126
  },
  "KWT": {
    "co2": 129.51864624023438
  },
  "KGZ": {
    "co2": 11.770157814025879
  },
  "LAO": {
    "co2": 24.399925231933594
  },
  "LVA": {
    "co2": 6.461888790130615
  },
  "LBN": {
    "co2": 15.649972915649414
  },
  "LSO": {
    "co2": 2.5717670917510986
  },
  "LBR": {
    "co2": 0.8593689799308777
  },
  "LBY": {
    "co2": 65.26007080078125
  },
  "LIE": {
    "co2": 0.1316239982843399
  },
  "LTU": {
    "co2": 12.541508674621582
  },
  "LUX": {
    "co2": 7.039783000946045
  },
  "MAC": {
    "co2": 1.0563279390335083
  },
  "MDG": {
    "co2": 4.528380870819092
  },
  "MWI": {
    "co2": 1.881479024887085
  },
  "MYS": {
    "co2": 290.2238464355469
  },
  "MDV": {
    "co2": 2.3062100410461426
  },
  "MLI": {
    "co2": 6.978839874267578
  },
  "MLT": {
    "co2": 1.7287659645080566
  },
  "MHL": {
    "co2": 0.1544799953699112
  },
  "MRT": {
    "co2": 5.238678932189941
  },
  "MUS": {
    "co2": 4.6736159324646
  },
  "MEX": {
    "co2": 460.9876403808594
  },
  "FSM": {
    "co2": 0.15062600374221802
  },
  "MDA": {
    "co2": 5.326842784881592
  },
  "MCO": {
    "co2": 0
  },
  "MNG": {
    "co2": 44.69388961791992
  },
  "MNE": {
    "co2": 2.37625789642334
  },
  "MSR": {
    "co2": 0.026579000055789948
  },
  "MAR": {
    "co2": 69.06234741210938
  },
  "MOZ": {
    "co2": 8.612629890441895
  },
  "MMR": {
    "co2": 31.603437423706055
  },
  "NAM": {
    "co2": 3.469111919403076
  },
  "NRU": {
    "co2": 0.06139000132679939
  },
  "NPL": {
    "co2": 18.776081085205078
  },
  "NLD": {
    "co2": 114.78472900390625
  },
  "NCL": {
    "co2": 5.286636829376221
  },
  "NZL": {
    "co2": 32.47943115234375
  },
  "NIC": {
    "co2": 5.630345821380615
  },
  "NER": {
    "co2": 3.1699578762054443
  },
  "NGA": {
    "co2": 135.82400512695312
  },
  "NIU": {
    "co2": 0.007627000100910664
  },
  "PRK": {
    "co2": 62.550270080566406
  },
  "MKD": {
    "co2": 6.619636058807373
  },
  "NOR": {
    "co2": 37.18299865722656
  },
  "OMN": {
    "co2": 82.66197204589844
  },
  "PAK": {
    "co2": 179.80038452148438
  },
  "PLW": {
    "co2": 0.22609899938106537
  },
  "PSE": {
    "co2": 4.780045986175537
  },
  "PAN": {
    "co2": 12.664427757263184
  },
  "PNG": {
    "co2": 8.345441818237305
  },
  "PRY": {
    "co2": 7.936717987060547
  },
  "PER": {
    "co2": 70.24665069580078
  },
  "PHL": {
    "co2": 174.8780059814453
  },
  "POL": {
    "co2": 272.86181640625
  },
  "PRT": {
    "co2": 35.53885269165039
  },
  "QAT": {
    "co2": 125.812255859375
  },
  "ROU": {
    "co2": 68.55139923095703
  },
  "RUS": {
    "co2": 1780.5244140625
  },
  "RWA": {
    "co2": 2.0335500240325928
  },
  "SHN": {
    "co2": 0.011390999890863895
  },
  "KNA": {
    "co2": 0.25975701212882996
  },
  "LCA": {
    "co2": 0.5369089841842651
  },
  "SPM": {
    "co2": 0.05532199889421463
  },
  "VCT": {
    "co2": 0.25565698742866516
  },
  "WSM": {
    "co2": 0.24558700621128082
  },
  "SMR": {
    "co2": 0
  },
  "STP": {
    "co2": 0.14177900552749634
  },
  "SAU": {
    "co2": 692.1334838867188
  },
  "SEN": {
    "co2": 14.091845512390137
  },
  "SRB": {
    "co2": 42.019439697265625
  },
  "SYC": {
    "co2": 0.6525710225105286
  },
  "SLE": {
    "co2": 1.4342830181121826
  },
  "SGP": {
    "co2": 53.91946029663086
  },
  "SXM": {
    "co2": 0.717644989490509
  },